{"in_lead":{"in_sights":{"up":[304.0907393528307,392.936816896751,151.76763778553385,125.5780183134538,240.55414324467034,283.5971207653101],"down":[271.8668694904244,79.65842682317447,356.94296399732434,127.590362286105,242.8133261599061,460.2254225554742],"left":[200.41090450349947,146.37773376236066,108.42957759027537,113.49825546803638,113.96380980119702,340.2912631570436],"right":[157.5836838947083,199.18634610056347,170.93111959974743,224.84519827420593,168.36093972115586,450.74061167200693]},"not_in_sights":{"up":[64.42882493179174,122.64892970885379,48.94235082845068,53.07374571678144,47.02348619690517,40.41404012358284],"down":[70.17126367108003,64.23260372656682,163.8891528770045,63.88782968869717,49.35567289227211,37.7324205898075],"left":[95.12911660232032,60.01539707458268,72.51799735569995,165.271776679225,86.4950961258593,83.96911183566945],"right":[39.12041375465514,73.79523093197183,65.51240252554712,57.945340070734105,64.03113138871672,64.29279650221584]}},"behind":{"in_sights":{"up":[197.86538411945614,178.77688846229682,116.40377843348861,86.28475613068434,124.84994873899113,305.5174129370163],"down":[175.04750458493234,88.94441908909192,151.15377327595374,47.19208243872388,60.010087911830965,328.5263113816418],"left":[71.15135909563517,38.244857976122574,80.20154136864811,58.03841595682002,127.27513141817815,69.31944716447008],"right":[181.47675212402333,27.33429848390409,43.34232365229408,43.29182561982888,77.94244591690517,161.209770354021]},"not_in_sights":{"up":[21.164978436102764,86.43795660052811,26.373568354251443,48.57908239324696,47.8919537925373,26.801400006886073],"down":[44.057016789103564,37.34349275704859,92.45841448503135,38.07088038029805,20.969677579028286,36.80577206989264],"left":[8.282872542722108,26.325874922202146,24.571727955583327,63.406455862284304,26.007477297874566,16.293009456510433],"right":[7.334880285103196,28.40304104269272,21.85448844652532,19.188042611169735,103.51228818521635,10.59775345900707]}}}